<?xml version="1.0" encoding="UTF-8"?>
<addon id="visualization.shadertoy" version="2.3.0.4" name="Shadertoy" provider-name="Team Kodi">
  <requires>
    <import addon="kodi.binary.global.main" minversion="1.2.0" version="1.3.0"/>
    <import addon="kodi.binary.global.gui" minversion="5.15.0" version="5.15.0"/>
    <import addon="kodi.binary.global.filesystem" minversion="1.1.0" version="1.1.6"/>
    <import addon="kodi.binary.instance.visualization" minversion="3.0.0" version="3.0.0"/>
  </requires>
  <extension point="xbmc.player.musicviz" library_linux="visualization.shadertoy.so.2.3.0"/>
  <extension point="xbmc.addon.metadata">
    <summary lang="de_DE">Visualisierungen von Shadertoy</summary>
    <summary lang="en_GB">Visualizations from Shadertoy</summary>
    <description lang="de_DE">Diese Musikvisualisierung basiert auf Shadertoy-basierten GPU-Programmen.</description>
    <description lang="en_GB">This music visualization is based on Shadertoy based GPU programs.</description>
    <platform/>
    <license>GPL-2.0-or-later</license>
    <source>https://github.com/xbmc/visualization.shadertoy</source>
    <assets>
      <icon>resources/icon.png</icon>
      <fanart>resources/fanart.jpg</fanart>
      <screenshot>resources/screenshot-01.jpg</screenshot>
      <screenshot>resources/fanart.jpg</screenshot>
      <screenshot>resources/screenshot-02.jpg</screenshot>
      <screenshot>resources/screenshot-03.jpg</screenshot>
      <screenshot>resources/screenshot-04.jpg</screenshot>
      <screenshot>resources/screenshot-05.jpg</screenshot>
      <screenshot>resources/screenshot-06.jpg</screenshot>
    </assets>
  </extension>
</addon>
